<testcases>
	<testcase id="0">
	  <query>Q(x?,y!) := A1(x?,y!),A2(x?,y!),A3(x?,y!),A4(x?,y!),A5(x?,y!),A6(x?,y!){x = "K"}[M1 = 5, M2 = 5, M3 = 5, M4 = 5]</query>					  			
	  <service>S1(x?,y!) := A1(x?,y!)[M1 = 5, M2 = 5, M3 = 5, M4 = 5]</service>
	  <service>S1(x?,y!) := A2(x?,y!)[M1 = 5, M2 = 5, M3 = 5, M4 = 5]</service>
	  <service>S1(x?,y!) := A3(x?,y!)[M1 = 5, M2 = 5, M3 = 5, M4 = 5]</service>
	  <service>S1(x?,y!) := A4(x?,y!)[M1 = 5, M2 = 5, M3 = 5, M4 = 5]</service>
	  <service>S1(x?,y!) := A5(x?,y!)[M1 = 3, M2 = 5, M3 = 5, M4 = 5]</service>
	  <service>S1(x?,y!) := A6(x?,y!)[M1 = 5, M2 = 5, M3 = 5, M4 = 5]</service>
	  <service>S1(x?,y!) := A1(x?,y!)[M1 = 5, M2 = 5, M3 = 5, M4 = 5]</service>
	  <service>S1(x?,y!) := A2(x?,y!)[M1 = 5, M2 = 5, M3 = 5, M4 = 5]</service>
	  <service>S1(x?,y!) := A3(x?,y!)[M1 = 5, M2 = 5, M3 = 5, M4 = 5]</service>
	  <service>S1(x?,y!) := A4(x?,y!)[M1 = 3, M2 = 5, M3 = 5, M4 = 5]</service>
	  <service>S1(x?,y!) := A5(x?,y!)[M1 = 5, M2 = 5, M3 = 5, M4 = 5]</service>
	  <service>S1(x?,y!) := A6(x?,y!)[M1 = 5, M2 = 5, M3 = 5, M4 = 5]</service>
	  <service>S1(x?,y!) := A1(x?,y!)[M1 = 5, M2 = 5, M3 = 5, M4 = 5]</service>
	  <service>S1(x?,y!) := A2(x?,y!)[M1 = 3, M2 = 5, M3 = 5, M4 = 5]</service>
	  <service>S1(x?,y!) := A3(x?,y!)[M1 = 5, M2 = 5, M3 = 5, M4 = 5]</service>
	  <service>S1(x?,y!) := A4(x?,y!)[M1 = 5, M2 = 5, M3 = 5, M4 = 5]</service>
	  <service>S1(x?,y!) := A5(x?,y!)[M1 = 5, M2 = 5, M3 = 5, M4 = 5]</service>
	  <service>S1(x?,y!) := A6(x?,y!)[M1 = 5, M2 = 5, M3 = 5, M4 = 5]</service>
	  <service>S1(x?,y!) := A1(x?,y!)[M1 = 5, M2 = 5, M3 = 5, M4 = 5]</service>
	  <service>S1(x?,y!) := A2(x?,y!)[M1 = 3, M2 = 5, M3 = 5, M4 = 5]</service>
	  <service>S1(x?,y!) := A3(x?,y!)[M1 = 5, M2 = 5, M3 = 5, M4 = 5]</service>
	  <service>S1(x?,y!) := A4(x?,y!)[M1 = 5, M2 = 5, M3 = 5, M4 = 5]</service>
	  <service>S1(x?,y!) := A5(x?,y!)[M1 = 5, M2 = 5, M3 = 5, M4 = 5]</service>
	  <service>S1(x?,y!) := A6(x?,y!)[M1 = 3, M2 = 5, M3 = 5, M4 = 5]</service>
	  <service>S1(x?,y!) := A6(x?,y!)[M1 = 5, M2 = 5, M3 = 5, M4 = 5]</service>
	  <service>S1(x?,y!) := A1(x?,y!)[M1 = 5, M2 = 5, M3 = 5, M4 = 5]</service>
	  <service>S1(x?,y!) := A2(x?,y!)[M1 = 5, M2 = 5, M3 = 5, M4 = 5]</service>
	  <service>S1(x?,y!) := A3(x?,y!)[M1 = 5, M2 = 5, M3 = 5, M4 = 5]</service>
	  <service>S1(x?,y!) := A4(x?,y!)[M1 = 3, M2 = 5, M3 = 5, M4 = 5]</service>
	  <service>S1(x?,y!) := A5(x?,y!)[M1 = 5, M2 = 5, M3 = 5, M4 = 5]</service>
	  <service>S1(x?,y!) := A6(x?,y!)[M1 = 5, M2 = 5, M3 = 5, M4 = 5]</service>
	  <service>S1(x?,y!) := A1(x?,y!)[M1 = 5, M2 = 5, M3 = 5, M4 = 5]</service>
	  <service>S1(x?,y!) := A2(x?,y!)[M1 = 5, M2 = 5, M3 = 5, M4 = 5]</service>
	  <service>S1(x?,y!) := A3(x?,y!)[M1 = 5, M2 = 5, M3 = 5, M4 = 5]</service>
	  <service>S1(x?,y!) := A4(x?,y!)[M1 = 3, M2 = 5, M3 = 5, M4 = 5]</service>
	  <service>S1(x?,y!) := A5(x?,y!)[M1 = 5, M2 = 5, M3 = 5, M4 = 5]</service>
	  <service>S1(x?,y!) := A6(x?,y!)[M1 = 5, M2 = 5, M3 = 5, M4 = 5]</service>
	  <service>S1(x?,y!) := A1(x?,y!)[M1 = 5, M2 = 5, M3 = 5, M4 = 5]</service>
	  <service>S1(x?,y!) := A2(x?,y!)[M1 = 5, M2 = 5, M3 = 5, M4 = 5]</service>
	  <service>S1(x?,y!) := A3(x?,y!)[M1 = 5, M2 = 5, M3 = 5, M4 = 5]</service>
	  <service>S1(x?,y!) := A4(x?,y!)[M1 = 5, M2 = 5, M3 = 5, M4 = 5]</service>
	  <service>S1(x?,y!) := A5(x?,y!)[M1 = 5, M2 = 5, M3 = 5, M4 = 5]</service>
	  <service>S1(x?,y!) := A6(x?,y!)[M1 = 5, M2 = 5, M3 = 5, M4 = 5]</service>
	  <service>S1(x?,y!) := A1(x?,y!)[M1 = 5, M2 = 5, M3 = 5, M4 = 5]</service>
	  <service>S1(x?,y!) := A2(x?,y!)[M1 = 3, M2 = 5, M3 = 5, M4 = 5]</service>
	  <service>S1(x?,y!) := A3(x?,y!)[M1 = 5, M2 = 5, M3 = 5, M4 = 5]</service>
	  <service>S1(x?,y!) := A4(x?,y!)[M1 = 5, M2 = 5, M3 = 5, M4 = 5]</service>
	  <service>S1(x?,y!) := A5(x?,y!)[M1 = 5, M2 = 5, M3 = 5, M4 = 5]</service>
	  <service>S1(x?,y!) := A6(x?,y!)[M1 = 5, M2 = 5, M3 = 5, M4 = 5]</service>
	  <service>S1(x?,y!) := A6(x?,y!)[M1 = 3, M2 = 5, M3 = 5, M4 = 5]</service>
	</testcase>
	<testcase id="1">
	  <query>Q(x?,y!) := A1(x?,y!),A2(x?,y!),A3(x?,y!),A4(x?,y!),A5(x?,y!),A6(x?,y!){x = "K"}[M1 = 5, M2 = 5, M3 = 5, M4 = 5]</query>					  			
	  <service>S1(x?,y!) := A1(x?,y!)[M1 = 5, M2 = 5, M3 = 5, M4 = 5]</service>
	  <service>S1(x?,y!) := A2(x?,y!)[M1 = 5, M2 = 5, M3 = 5, M4 = 5]</service>
	  <service>S1(x?,y!) := A3(x?,y!)[M1 = 5, M2 = 5, M3 = 5, M4 = 5]</service>
	  <service>S1(x?,y!) := A4(x?,y!)[M1 = 5, M2 = 5, M3 = 5, M4 = 5]</service>
	  <service>S1(x?,y!) := A5(x?,y!)[M1 = 5, M2 = 5, M3 = 5, M4 = 5]</service>
	  <service>S1(x?,y!) := A6(x?,y!)[M1 = 5, M2 = 5, M3 = 5, M4 = 5]</service>
	  <service>S1(x?,y!) := A1(x?,y!)[M1 = 5, M2 = 5, M3 = 5, M4 = 5]</service>
	  <service>S1(x?,y!) := A2(x?,y!)[M1 = 5, M2 = 5, M3 = 5, M4 = 5]</service>
	  <service>S1(x?,y!) := A3(x?,y!)[M1 = 5, M2 = 5, M3 = 5, M4 = 5]</service>
	  <service>S1(x?,y!) := A4(x?,y!)[M1 = 5, M2 = 5, M3 = 5, M4 = 5]</service>
	  <service>S1(x?,y!) := A5(x?,y!)[M1 = 3, M2 = 5, M3 = 5, M4 = 5]</service>
	  <service>S1(x?,y!) := A6(x?,y!)[M1 = 3, M2 = 5, M3 = 5, M4 = 5]</service>
	  <service>S1(x?,y!) := A1(x?,y!)[M1 = 3, M2 = 5, M3 = 5, M4 = 5]</service>
	  <service>S1(x?,y!) := A2(x?,y!)[M1 = 3, M2 = 5, M3 = 5, M4 = 5]</service>
	  <service>S1(x?,y!) := A3(x?,y!)[M1 = 5, M2 = 5, M3 = 5, M4 = 5]</service>
	  <service>S1(x?,y!) := A4(x?,y!)[M1 = 5, M2 = 5, M3 = 5, M4 = 5]</service>
	  <service>S1(x?,y!) := A5(x?,y!)[M1 = 5, M2 = 5, M3 = 5, M4 = 5]</service>
	  <service>S1(x?,y!) := A6(x?,y!)[M1 = 5, M2 = 5, M3 = 5, M4 = 5]</service>
	  <service>S1(x?,y!) := A1(x?,y!)[M1 = 5, M2 = 5, M3 = 5, M4 = 5]</service>
	  <service>S1(x?,y!) := A2(x?,y!)[M1 = 5, M2 = 5, M3 = 5, M4 = 5]</service>
	  <service>S1(x?,y!) := A3(x?,y!)[M1 = 5, M2 = 5, M3 = 5, M4 = 5]</service>
	  <service>S1(x?,y!) := A4(x?,y!)[M1 = 5, M2 = 5, M3 = 5, M4 = 5]</service>
	  <service>S1(x?,y!) := A5(x?,y!)[M1 = 5, M2 = 5, M3 = 5, M4 = 5]</service>
	  <service>S1(x?,y!) := A6(x?,y!)[M1 = 3, M2 = 5, M3 = 5, M4 = 5]</service>
	  <service>S1(x?,y!) := A6(x?,y!)[M1 = 3, M2 = 5, M3 = 5, M4 = 5]</service>
	  <service>S1(x?,y!) := A1(x?,y!)[M1 = 5, M2 = 5, M3 = 5, M4 = 5]</service>
	  <service>S1(x?,y!) := A2(x?,y!)[M1 = 5, M2 = 5, M3 = 5, M4 = 5]</service>
	  <service>S1(x?,y!) := A3(x?,y!)[M1 = 5, M2 = 5, M3 = 5, M4 = 5]</service>
	  <service>S1(x?,y!) := A4(x?,y!)[M1 = 5, M2 = 5, M3 = 5, M4 = 5]</service>
	  <service>S1(x?,y!) := A5(x?,y!)[M1 = 5, M2 = 5, M3 = 5, M4 = 5]</service>
	  <service>S1(x?,y!) := A6(x?,y!)[M1 = 3, M2 = 5, M3 = 5, M4 = 5]</service>
	  <service>S1(x?,y!) := A1(x?,y!)[M1 = 5, M2 = 5, M3 = 5, M4 = 5]</service>
	  <service>S1(x?,y!) := A2(x?,y!)[M1 = 5, M2 = 5, M3 = 5, M4 = 5]</service>
	  <service>S1(x?,y!) := A3(x?,y!)[M1 = 5, M2 = 5, M3 = 5, M4 = 5]</service>
	  <service>S1(x?,y!) := A4(x?,y!)[M1 = 3, M2 = 5, M3 = 5, M4 = 5]</service>
	  <service>S1(x?,y!) := A5(x?,y!)[M1 = 5, M2 = 5, M3 = 5, M4 = 5]</service>
	  <service>S1(x?,y!) := A6(x?,y!)[M1 = 5, M2 = 5, M3 = 5, M4 = 5]</service>
	  <service>S1(x?,y!) := A1(x?,y!)[M1 = 5, M2 = 5, M3 = 5, M4 = 5]</service>
	  <service>S1(x?,y!) := A2(x?,y!)[M1 = 5, M2 = 5, M3 = 5, M4 = 5]</service>
	  <service>S1(x?,y!) := A3(x?,y!)[M1 = 5, M2 = 5, M3 = 5, M4 = 5]</service>
	  <service>S1(x?,y!) := A4(x?,y!)[M1 = 3, M2 = 5, M3 = 5, M4 = 5]</service>
	  <service>S1(x?,y!) := A5(x?,y!)[M1 = 5, M2 = 5, M3 = 5, M4 = 5]</service>
	  <service>S1(x?,y!) := A6(x?,y!)[M1 = 5, M2 = 5, M3 = 5, M4 = 5]</service>
	  <service>S1(x?,y!) := A1(x?,y!)[M1 = 5, M2 = 5, M3 = 5, M4 = 5]</service>
	  <service>S1(x?,y!) := A2(x?,y!)[M1 = 5, M2 = 5, M3 = 5, M4 = 5]</service>
	  <service>S1(x?,y!) := A3(x?,y!)[M1 = 5, M2 = 5, M3 = 5, M4 = 5]</service>
	  <service>S1(x?,y!) := A4(x?,y!)[M1 = 3, M2 = 5, M3 = 5, M4 = 5]</service>
	  <service>S1(x?,y!) := A5(x?,y!)[M1 = 5, M2 = 5, M3 = 5, M4 = 5]</service>
	  <service>S1(x?,y!) := A6(x?,y!)[M1 = 5, M2 = 5, M3 = 5, M4 = 5]</service>
	  <service>S1(x?,y!) := A6(x?,y!)[M1 = 5, M2 = 5, M3 = 5, M4 = 5]</service>
	  <service>S1(x?,y!) := A1(x?,y!)[M1 = 5, M2 = 5, M3 = 5, M4 = 5]</service>
	  <service>S1(x?,y!) := A2(x?,y!)[M1 = 5, M2 = 5, M3 = 5, M4 = 5]</service>
	  <service>S1(x?,y!) := A3(x?,y!)[M1 = 3, M2 = 5, M3 = 5, M4 = 5]</service>
	  <service>S1(x?,y!) := A4(x?,y!)[M1 = 5, M2 = 5, M3 = 5, M4 = 5]</service>
	  <service>S1(x?,y!) := A5(x?,y!)[M1 = 5, M2 = 5, M3 = 5, M4 = 5]</service>
	  <service>S1(x?,y!) := A6(x?,y!)[M1 = 5, M2 = 5, M3 = 5, M4 = 5]</service>
	  <service>S1(x?,y!) := A1(x?,y!)[M1 = 5, M2 = 5, M3 = 5, M4 = 5]</service>
	  <service>S1(x?,y!) := A2(x?,y!)[M1 = 3, M2 = 5, M3 = 5, M4 = 5]</service>
	  <service>S1(x?,y!) := A3(x?,y!)[M1 = 3, M2 = 5, M3 = 5, M4 = 5]</service>
	  <service>S1(x?,y!) := A4(x?,y!)[M1 = 3, M2 = 5, M3 = 5, M4 = 5]</service>
	</testcase>
	<testcase id="2">
	  <query>Q(x?,y!) := A1(x?,y!),A2(x?,y!),A3(x?,y!),A4(x?,y!),A5(x?,y!),A6(x?,y!){x = "K"}[M1 = 5, M2 = 5, M3 = 5, M4 = 5]</query>					  			
	  <service>S1(x?,y!) := A1(x?,y!)[M1 = 3, M2 = 5, M3 = 5, M4 = 5]</service>
	  <service>S1(x?,y!) := A2(x?,y!)[M1 = 3, M2 = 5, M3 = 5, M4 = 5]</service>
	  <service>S1(x?,y!) := A3(x?,y!)[M1 = 3, M2 = 5, M3 = 5, M4 = 5]</service>
	  <service>S1(x?,y!) := A4(x?,y!)[M1 = 3, M2 = 5, M3 = 5, M4 = 5]</service>
	  <service>S1(x?,y!) := A5(x?,y!)[M1 = 3, M2 = 5, M3 = 5, M4 = 5]</service>
	  <service>S1(x?,y!) := A6(x?,y!)[M1 = 3, M2 = 5, M3 = 5, M4 = 5]</service>
	  <service>S1(x?,y!) := A1(x?,y!)[M1 = 3, M2 = 5, M3 = 5, M4 = 5]</service>
	  <service>S1(x?,y!) := A2(x?,y!)[M1 = 3, M2 = 5, M3 = 5, M4 = 5]</service>
	  <service>S1(x?,y!) := A3(x?,y!)[M1 = 3, M2 = 5, M3 = 5, M4 = 5]</service>
	  <service>S1(x?,y!) := A4(x?,y!)[M1 = 5, M2 = 5, M3 = 5, M4 = 5]</service>
	  <service>S1(x?,y!) := A5(x?,y!)[M1 = 5, M2 = 5, M3 = 5, M4 = 5]</service>
	  <service>S1(x?,y!) := A6(x?,y!)[M1 = 5, M2 = 5, M3 = 5, M4 = 5]</service>
	  <service>S1(x?,y!) := A1(x?,y!)[M1 = 5, M2 = 5, M3 = 5, M4 = 5]</service>
	  <service>S1(x?,y!) := A2(x?,y!)[M1 = 5, M2 = 5, M3 = 5, M4 = 5]</service>
	  <service>S1(x?,y!) := A3(x?,y!)[M1 = 5, M2 = 5, M3 = 5, M4 = 5]</service>
	  <service>S1(x?,y!) := A4(x?,y!)[M1 = 5, M2 = 5, M3 = 5, M4 = 5]</service>
	  <service>S1(x?,y!) := A5(x?,y!)[M1 = 5, M2 = 5, M3 = 5, M4 = 5]</service>
	  <service>S1(x?,y!) := A6(x?,y!)[M1 = 5, M2 = 5, M3 = 5, M4 = 5]</service>
	  <service>S1(x?,y!) := A1(x?,y!)[M1 = 5, M2 = 5, M3 = 5, M4 = 5]</service>
	  <service>S1(x?,y!) := A2(x?,y!)[M1 = 5, M2 = 5, M3 = 5, M4 = 5]</service>
	  <service>S1(x?,y!) := A3(x?,y!)[M1 = 5, M2 = 5, M3 = 5, M4 = 5]</service>
	  <service>S1(x?,y!) := A4(x?,y!)[M1 = 5, M2 = 5, M3 = 5, M4 = 5]</service>
	  <service>S1(x?,y!) := A5(x?,y!)[M1 = 5, M2 = 5, M3 = 5, M4 = 5]</service>
	  <service>S1(x?,y!) := A6(x?,y!)[M1 = 5, M2 = 5, M3 = 5, M4 = 5]</service>
	  <service>S1(x?,y!) := A6(x?,y!)[M1 = 5, M2 = 5, M3 = 5, M4 = 5]</service>
	  <service>S1(x?,y!) := A1(x?,y!)[M1 = 5, M2 = 5, M3 = 5, M4 = 5]</service>
	  <service>S1(x?,y!) := A2(x?,y!)[M1 = 5, M2 = 5, M3 = 5, M4 = 5]</service>
	  <service>S1(x?,y!) := A3(x?,y!)[M1 = 5, M2 = 5, M3 = 5, M4 = 5]</service>
	  <service>S1(x?,y!) := A4(x?,y!)[M1 = 5, M2 = 5, M3 = 5, M4 = 5]</service>
	  <service>S1(x?,y!) := A5(x?,y!)[M1 = 5, M2 = 5, M3 = 5, M4 = 5]</service>
	  <service>S1(x?,y!) := A6(x?,y!)[M1 = 5, M2 = 5, M3 = 5, M4 = 5]</service>
	  <service>S1(x?,y!) := A1(x?,y!)[M1 = 5, M2 = 5, M3 = 5, M4 = 5]</service>
	  <service>S1(x?,y!) := A2(x?,y!)[M1 = 5, M2 = 5, M3 = 5, M4 = 5]</service>
	  <service>S1(x?,y!) := A3(x?,y!)[M1 = 5, M2 = 5, M3 = 5, M4 = 5]</service>
	  <service>S1(x?,y!) := A4(x?,y!)[M1 = 5, M2 = 5, M3 = 5, M4 = 5]</service>
	  <service>S1(x?,y!) := A5(x?,y!)[M1 = 5, M2 = 5, M3 = 5, M4 = 5]</service>
	  <service>S1(x?,y!) := A6(x?,y!)[M1 = 5, M2 = 5, M3 = 5, M4 = 5]</service>
	  <service>S1(x?,y!) := A1(x?,y!)[M1 = 5, M2 = 5, M3 = 5, M4 = 5]</service>
	  <service>S1(x?,y!) := A2(x?,y!)[M1 = 5, M2 = 5, M3 = 5, M4 = 5]</service>
	  <service>S1(x?,y!) := A3(x?,y!)[M1 = 5, M2 = 5, M3 = 5, M4 = 5]</service>
	  <service>S1(x?,y!) := A4(x?,y!)[M1 = 5, M2 = 5, M3 = 5, M4 = 5]</service>
	  <service>S1(x?,y!) := A5(x?,y!)[M1 = 5, M2 = 5, M3 = 5, M4 = 5]</service>
	  <service>S1(x?,y!) := A6(x?,y!)[M1 = 5, M2 = 5, M3 = 5, M4 = 5]</service>
	  <service>S1(x?,y!) := A1(x?,y!)[M1 = 5, M2 = 5, M3 = 5, M4 = 5]</service>
	  <service>S1(x?,y!) := A2(x?,y!)[M1 = 5, M2 = 5, M3 = 5, M4 = 5]</service>
	  <service>S1(x?,y!) := A3(x?,y!)[M1 = 5, M2 = 5, M3 = 5, M4 = 5]</service>
	  <service>S1(x?,y!) := A4(x?,y!)[M1 = 5, M2 = 5, M3 = 5, M4 = 5]</service>
	  <service>S1(x?,y!) := A5(x?,y!)[M1 = 5, M2 = 5, M3 = 5, M4 = 5]</service>
	  <service>S1(x?,y!) := A6(x?,y!)[M1 = 5, M2 = 5, M3 = 5, M4 = 5]</service>
	  <service>S1(x?,y!) := A6(x?,y!)[M1 = 5, M2 = 5, M3 = 5, M4 = 5]</service>
	  <service>S1(x?,y!) := A1(x?,y!)[M1 = 5, M2 = 5, M3 = 5, M4 = 5]</service>
	  <service>S1(x?,y!) := A2(x?,y!)[M1 = 5, M2 = 5, M3 = 5, M4 = 5]</service>
	  <service>S1(x?,y!) := A3(x?,y!)[M1 = 5, M2 = 5, M3 = 5, M4 = 5]</service>
	  <service>S1(x?,y!) := A4(x?,y!)[M1 = 5, M2 = 5, M3 = 5, M4 = 5]</service>
	  <service>S1(x?,y!) := A5(x?,y!)[M1 = 5, M2 = 5, M3 = 5, M4 = 5]</service>
	  <service>S1(x?,y!) := A6(x?,y!)[M1 = 5, M2 = 5, M3 = 5, M4 = 5]</service>
	  <service>S1(x?,y!) := A1(x?,y!)[M1 = 5, M2 = 5, M3 = 5, M4 = 5]</service>
	  <service>S1(x?,y!) := A2(x?,y!)[M1 = 5, M2 = 5, M3 = 5, M4 = 5]</service>
	  <service>S1(x?,y!) := A3(x?,y!)[M1 = 5, M2 = 5, M3 = 5, M4 = 5]</service>
	  <service>S1(x?,y!) := A4(x?,y!)[M1 = 5, M2 = 5, M3 = 5, M4 = 5]</service>
	  <service>S1(x?,y!) := A1(x?,y!)[M1 = 5, M2 = 5, M3 = 5, M4 = 5]</service>
	  <service>S1(x?,y!) := A2(x?,y!)[M1 = 5, M2 = 5, M3 = 5, M4 = 5]</service>
	  <service>S1(x?,y!) := A3(x?,y!)[M1 = 5, M2 = 5, M3 = 5, M4 = 5]</service>
	  <service>S1(x?,y!) := A4(x?,y!)[M1 = 5, M2 = 5, M3 = 5, M4 = 5]</service>
	  <service>S1(x?,y!) := A5(x?,y!)[M1 = 5, M2 = 5, M3 = 5, M4 = 5]</service>
	  <service>S1(x?,y!) := A6(x?,y!)[M1 = 5, M2 = 5, M3 = 5, M4 = 5]</service>
	  <service>S1(x?,y!) := A1(x?,y!)[M1 = 5, M2 = 5, M3 = 5, M4 = 5]</service>
	  <service>S1(x?,y!) := A2(x?,y!)[M1 = 5, M2 = 5, M3 = 5, M4 = 5]</service>
	  <service>S1(x?,y!) := A3(x?,y!)[M1 = 3, M2 = 5, M3 = 5, M4 = 5]</service>
	  <service>S1(x?,y!) := A4(x?,y!)[M1 = 3, M2 = 5, M3 = 5, M4 = 5]</service>
	</testcase>
	<testcase id="3">
	  <query>Q(x?,y!) := A1(x?,y!),A2(x?,y!),A3(x?,y!),A4(x?,y!),A5(x?,y!),A6(x?,y!){x = "K"}[M1 = 5, M2 = 5, M3 = 5, M4 = 5]</query>					  			
	  <service>S1(x?,y!) := A1(x?,y!)[M1 = 3, M2 = 5, M3 = 5, M4 = 5]</service>
	  <service>S1(x?,y!) := A2(x?,y!)[M1 = 3, M2 = 5, M3 = 5, M4 = 5]</service>
	  <service>S1(x?,y!) := A3(x?,y!)[M1 = 3, M2 = 5, M3 = 5, M4 = 5]</service>
	  <service>S1(x?,y!) := A4(x?,y!)[M1 = 3, M2 = 5, M3 = 5, M4 = 5]</service>
	  <service>S1(x?,y!) := A5(x?,y!)[M1 = 3, M2 = 5, M3 = 5, M4 = 5]</service>
	  <service>S1(x?,y!) := A6(x?,y!)[M1 = 3, M2 = 5, M3 = 5, M4 = 5]</service>
	  <service>S1(x?,y!) := A1(x?,y!)[M1 = 3, M2 = 5, M3 = 5, M4 = 5]</service>
	  <service>S1(x?,y!) := A2(x?,y!)[M1 = 3, M2 = 5, M3 = 5, M4 = 5]</service>
	  <service>S1(x?,y!) := A3(x?,y!)[M1 = 3, M2 = 5, M3 = 5, M4 = 5]</service>
	  <service>S1(x?,y!) := A4(x?,y!)[M1 = 5, M2 = 5, M3 = 5, M4 = 5]</service>
	  <service>S1(x?,y!) := A5(x?,y!)[M1 = 5, M2 = 5, M3 = 5, M4 = 5]</service>
	  <service>S1(x?,y!) := A6(x?,y!)[M1 = 5, M2 = 5, M3 = 5, M4 = 5]</service>
	  <service>S1(x?,y!) := A1(x?,y!)[M1 = 3, M2 = 5, M3 = 5, M4 = 5]</service>
	  <service>S1(x?,y!) := A2(x?,y!)[M1 = 3, M2 = 5, M3 = 5, M4 = 5]</service>
	  <service>S1(x?,y!) := A3(x?,y!)[M1 = 5, M2 = 5, M3 = 5, M4 = 5]</service>
	  <service>S1(x?,y!) := A4(x?,y!)[M1 = 5, M2 = 5, M3 = 5, M4 = 5]</service>
	  <service>S1(x?,y!) := A5(x?,y!)[M1 = 5, M2 = 5, M3 = 5, M4 = 5]</service>
	  <service>S1(x?,y!) := A6(x?,y!)[M1 = 5, M2 = 5, M3 = 5, M4 = 5]</service>
	  <service>S1(x?,y!) := A1(x?,y!)[M1 = 5, M2 = 5, M3 = 5, M4 = 5]</service>
	  <service>S1(x?,y!) := A2(x?,y!)[M1 = 5, M2 = 5, M3 = 5, M4 = 5]</service>
	  <service>S1(x?,y!) := A3(x?,y!)[M1 = 5, M2 = 5, M3 = 5, M4 = 5]</service>
	  <service>S1(x?,y!) := A4(x?,y!)[M1 = 5, M2 = 5, M3 = 5, M4 = 5]</service>
	  <service>S1(x?,y!) := A5(x?,y!)[M1 = 5, M2 = 5, M3 = 5, M4 = 5]</service>
	  <service>S1(x?,y!) := A6(x?,y!)[M1 = 3, M2 = 5, M3 = 5, M4 = 5]</service>
	  <service>S1(x?,y!) := A6(x?,y!)[M1 = 3, M2 = 5, M3 = 5, M4 = 5]</service>
	  <service>S1(x?,y!) := A1(x?,y!)[M1 = 3, M2 = 5, M3 = 5, M4 = 5]</service>
	  <service>S1(x?,y!) := A2(x?,y!)[M1 = 5, M2 = 5, M3 = 5, M4 = 5]</service>
	  <service>S1(x?,y!) := A3(x?,y!)[M1 = 5, M2 = 5, M3 = 5, M4 = 5]</service>
	  <service>S1(x?,y!) := A4(x?,y!)[M1 = 5, M2 = 5, M3 = 5, M4 = 5]</service>
	  <service>S1(x?,y!) := A5(x?,y!)[M1 = 5, M2 = 5, M3 = 5, M4 = 5]</service>
	  <service>S1(x?,y!) := A6(x?,y!)[M1 = 5, M2 = 5, M3 = 5, M4 = 5]</service>
	  <service>S1(x?,y!) := A1(x?,y!)[M1 = 5, M2 = 5, M3 = 5, M4 = 5]</service>
	  <service>S1(x?,y!) := A2(x?,y!)[M1 = 5, M2 = 5, M3 = 5, M4 = 5]</service>
	  <service>S1(x?,y!) := A3(x?,y!)[M1 = 5, M2 = 5, M3 = 5, M4 = 5]</service>
	  <service>S1(x?,y!) := A4(x?,y!)[M1 = 5, M2 = 5, M3 = 5, M4 = 5]</service>
	  <service>S1(x?,y!) := A5(x?,y!)[M1 = 5, M2 = 5, M3 = 5, M4 = 5]</service>
	  <service>S1(x?,y!) := A6(x?,y!)[M1 = 5, M2 = 5, M3 = 5, M4 = 5]</service>
	  <service>S1(x?,y!) := A1(x?,y!)[M1 = 5, M2 = 5, M3 = 5, M4 = 5]</service>
	  <service>S1(x?,y!) := A2(x?,y!)[M1 = 5, M2 = 5, M3 = 5, M4 = 5]</service>
	  <service>S1(x?,y!) := A3(x?,y!)[M1 = 5, M2 = 5, M3 = 5, M4 = 5]</service>
	  <service>S1(x?,y!) := A4(x?,y!)[M1 = 5, M2 = 5, M3 = 5, M4 = 5]</service>
	  <service>S1(x?,y!) := A5(x?,y!)[M1 = 5, M2 = 5, M3 = 5, M4 = 5]</service>
	  <service>S1(x?,y!) := A6(x?,y!)[M1 = 5, M2 = 5, M3 = 5, M4 = 5]</service>
	  <service>S1(x?,y!) := A1(x?,y!)[M1 = 5, M2 = 5, M3 = 5, M4 = 5]</service>
	  <service>S1(x?,y!) := A2(x?,y!)[M1 = 5, M2 = 5, M3 = 5, M4 = 5]</service>
	  <service>S1(x?,y!) := A3(x?,y!)[M1 = 5, M2 = 5, M3 = 5, M4 = 5]</service>
	  <service>S1(x?,y!) := A4(x?,y!)[M1 = 5, M2 = 5, M3 = 5, M4 = 5]</service>
	  <service>S1(x?,y!) := A5(x?,y!)[M1 = 5, M2 = 5, M3 = 5, M4 = 5]</service>
	  <service>S1(x?,y!) := A6(x?,y!)[M1 = 5, M2 = 5, M3 = 5, M4 = 5]</service>
	  <service>S1(x?,y!) := A6(x?,y!)[M1 = 5, M2 = 5, M3 = 5, M4 = 5]</service>
	  <service>S1(x?,y!) := A1(x?,y!)[M1 = 5, M2 = 5, M3 = 5, M4 = 5]</service>
	  <service>S1(x?,y!) := A2(x?,y!)[M1 = 5, M2 = 5, M3 = 5, M4 = 5]</service>
	  <service>S1(x?,y!) := A3(x?,y!)[M1 = 5, M2 = 5, M3 = 5, M4 = 5]</service>
	  <service>S1(x?,y!) := A4(x?,y!)[M1 = 5, M2 = 5, M3 = 5, M4 = 5]</service>
	  <service>S1(x?,y!) := A5(x?,y!)[M1 = 5, M2 = 5, M3 = 5, M4 = 5]</service>
	  <service>S1(x?,y!) := A6(x?,y!)[M1 = 5, M2 = 5, M3 = 5, M4 = 5]</service>
	  <service>S1(x?,y!) := A1(x?,y!)[M1 = 5, M2 = 5, M3 = 5, M4 = 5]</service>
	  <service>S1(x?,y!) := A2(x?,y!)[M1 = 5, M2 = 5, M3 = 5, M4 = 5]</service>
	  <service>S1(x?,y!) := A3(x?,y!)[M1 = 5, M2 = 5, M3 = 5, M4 = 5]</service>
	  <service>S1(x?,y!) := A4(x?,y!)[M1 = 5, M2 = 5, M3 = 5, M4 = 5]</service>
	  <service>S1(x?,y!) := A1(x?,y!)[M1 = 5, M2 = 5, M3 = 5, M4 = 5]</service>
	  <service>S1(x?,y!) := A2(x?,y!)[M1 = 5, M2 = 5, M3 = 5, M4 = 5]</service>
	  <service>S1(x?,y!) := A3(x?,y!)[M1 = 5, M2 = 5, M3 = 5, M4 = 5]</service>
	  <service>S1(x?,y!) := A4(x?,y!)[M1 = 5, M2 = 5, M3 = 5, M4 = 5]</service>
	  <service>S1(x?,y!) := A5(x?,y!)[M1 = 5, M2 = 5, M3 = 5, M4 = 5]</service>
	  <service>S1(x?,y!) := A6(x?,y!)[M1 = 5, M2 = 5, M3 = 5, M4 = 5]</service>
	  <service>S1(x?,y!) := A1(x?,y!)[M1 = 5, M2 = 5, M3 = 5, M4 = 5]</service>
	  <service>S1(x?,y!) := A2(x?,y!)[M1 = 5, M2 = 5, M3 = 5, M4 = 5]</service>
	  <service>S1(x?,y!) := A3(x?,y!)[M1 = 5, M2 = 5, M3 = 5, M4 = 5]</service>
	  <service>S1(x?,y!) := A4(x?,y!)[M1 = 5, M2 = 5, M3 = 5, M4 = 5]</service>
	  <service>S1(x?,y!) := A1(x?,y!)[M1 = 5, M2 = 5, M3 = 5, M4 = 5]</service>
	  <service>S1(x?,y!) := A2(x?,y!)[M1 = 5, M2 = 5, M3 = 5, M4 = 5]</service>
	  <service>S1(x?,y!) := A3(x?,y!)[M1 = 5, M2 = 5, M3 = 5, M4 = 5]</service>
	  <service>S1(x?,y!) := A4(x?,y!)[M1 = 5, M2 = 5, M3 = 5, M4 = 5]</service>
	  <service>S1(x?,y!) := A5(x?,y!)[M1 = 5, M2 = 5, M3 = 5, M4 = 5]</service>
	  <service>S1(x?,y!) := A6(x?,y!)[M1 = 5, M2 = 5, M3 = 5, M4 = 5]</service>
	  <service>S1(x?,y!) := A1(x?,y!)[M1 = 5, M2 = 5, M3 = 5, M4 = 5]</service>
	  <service>S1(x?,y!) := A2(x?,y!)[M1 = 3, M2 = 5, M3 = 5, M4 = 5]</service>
	  <service>S1(x?,y!) := A3(x?,y!)[M1 = 3, M2 = 5, M3 = 5, M4 = 5]</service>
	  <service>S1(x?,y!) := A4(x?,y!)[M1 = 5, M2 = 5, M3 = 5, M4 = 5]</service>
	</testcase>
	<testcase id="4">
	  <query>Q(x?,y!) := A1(x?,y!),A2(x?,y!),A3(x?,y!),A4(x?,y!),A5(x?,y!),A6(x?,y!){x = "K"}[M1 = 5, M2 = 5, M3 = 5, M4 = 5]</query>					  			
	  <service>S1(x?,y!) := A1(x?,y!)[M1 = 5, M2 = 5, M3 = 5, M4 = 5]</service>
	  <service>S1(x?,y!) := A2(x?,y!)[M1 = 5, M2 = 5, M3 = 5, M4 = 5]</service>
	  <service>S1(x?,y!) := A3(x?,y!)[M1 = 5, M2 = 5, M3 = 5, M4 = 5]</service>
	  <service>S1(x?,y!) := A4(x?,y!)[M1 = 5, M2 = 5, M3 = 5, M4 = 5]</service>
	  <service>S1(x?,y!) := A5(x?,y!)[M1 = 5, M2 = 5, M3 = 5, M4 = 5]</service>
	  <service>S1(x?,y!) := A6(x?,y!)[M1 = 5, M2 = 5, M3 = 5, M4 = 5]</service>
	  <service>S1(x?,y!) := A1(x?,y!)[M1 = 5, M2 = 5, M3 = 5, M4 = 5]</service>
	  <service>S1(x?,y!) := A2(x?,y!)[M1 = 5, M2 = 5, M3 = 5, M4 = 5]</service>
	  <service>S1(x?,y!) := A3(x?,y!)[M1 = 5, M2 = 5, M3 = 5, M4 = 5]</service>
	  <service>S1(x?,y!) := A4(x?,y!)[M1 = 5, M2 = 5, M3 = 5, M4 = 5]</service>
	  <service>S1(x?,y!) := A5(x?,y!)[M1 = 5, M2 = 5, M3 = 5, M4 = 5]</service>
	  <service>S1(x?,y!) := A6(x?,y!)[M1 = 5, M2 = 5, M3 = 5, M4 = 5]</service>
	  <service>S1(x?,y!) := A1(x?,y!)[M1 = 5, M2 = 5, M3 = 5, M4 = 5]</service>
	  <service>S1(x?,y!) := A2(x?,y!)[M1 = 5, M2 = 5, M3 = 5, M4 = 5]</service>
	  <service>S1(x?,y!) := A3(x?,y!)[M1 = 5, M2 = 5, M3 = 5, M4 = 5]</service>
	  <service>S1(x?,y!) := A4(x?,y!)[M1 = 5, M2 = 5, M3 = 5, M4 = 5]</service>
	  <service>S1(x?,y!) := A5(x?,y!)[M1 = 5, M2 = 5, M3 = 5, M4 = 5]</service>
	  <service>S1(x?,y!) := A6(x?,y!)[M1 = 5, M2 = 5, M3 = 5, M4 = 5]</service>
	  <service>S1(x?,y!) := A1(x?,y!)[M1 = 5, M2 = 5, M3 = 5, M4 = 5]</service>
	  <service>S1(x?,y!) := A2(x?,y!)[M1 = 5, M2 = 5, M3 = 5, M4 = 5]</service>
	  <service>S1(x?,y!) := A3(x?,y!)[M1 = 5, M2 = 5, M3 = 5, M4 = 5]</service>
	  <service>S1(x?,y!) := A4(x?,y!)[M1 = 5, M2 = 5, M3 = 5, M4 = 5]</service>
	  <service>S1(x?,y!) := A5(x?,y!)[M1 = 5, M2 = 5, M3 = 5, M4 = 5]</service>
	  <service>S1(x?,y!) := A6(x?,y!)[M1 = 5, M2 = 5, M3 = 5, M4 = 5]</service>
	  <service>S1(x?,y!) := A6(x?,y!)[M1 = 5, M2 = 5, M3 = 5, M4 = 5]</service>
	  <service>S1(x?,y!) := A1(x?,y!)[M1 = 5, M2 = 5, M3 = 5, M4 = 5]</service>
	  <service>S1(x?,y!) := A2(x?,y!)[M1 = 5, M2 = 5, M3 = 5, M4 = 5]</service>
	  <service>S1(x?,y!) := A3(x?,y!)[M1 = 5, M2 = 5, M3 = 5, M4 = 5]</service>
	  <service>S1(x?,y!) := A4(x?,y!)[M1 = 5, M2 = 5, M3 = 5, M4 = 5]</service>
	  <service>S1(x?,y!) := A5(x?,y!)[M1 = 3, M2 = 5, M3 = 5, M4 = 5]</service>
	  <service>S1(x?,y!) := A6(x?,y!)[M1 = 3, M2 = 5, M3 = 5, M4 = 5]</service>
	  <service>S1(x?,y!) := A1(x?,y!)[M1 = 3, M2 = 5, M3 = 5, M4 = 5]</service>
	  <service>S1(x?,y!) := A2(x?,y!)[M1 = 3, M2 = 5, M3 = 5, M4 = 5]</service>
	  <service>S1(x?,y!) := A3(x?,y!)[M1 = 3, M2 = 5, M3 = 5, M4 = 5]</service>
	  <service>S1(x?,y!) := A4(x?,y!)[M1 = 3, M2 = 5, M3 = 5, M4 = 5]</service>
	  <service>S1(x?,y!) := A5(x?,y!)[M1 = 3, M2 = 5, M3 = 5, M4 = 5]</service>
	  <service>S1(x?,y!) := A6(x?,y!)[M1 = 5, M2 = 5, M3 = 5, M4 = 5]</service>
	  <service>S1(x?,y!) := A1(x?,y!)[M1 = 5, M2 = 5, M3 = 5, M4 = 5]</service>
	  <service>S1(x?,y!) := A2(x?,y!)[M1 = 5, M2 = 5, M3 = 5, M4 = 5]</service>
	  <service>S1(x?,y!) := A3(x?,y!)[M1 = 5, M2 = 5, M3 = 5, M4 = 5]</service>
	  <service>S1(x?,y!) := A4(x?,y!)[M1 = 5, M2 = 5, M3 = 5, M4 = 5]</service>
	  <service>S1(x?,y!) := A5(x?,y!)[M1 = 5, M2 = 5, M3 = 5, M4 = 5]</service>
	  <service>S1(x?,y!) := A6(x?,y!)[M1 = 5, M2 = 5, M3 = 5, M4 = 5]</service>
	  <service>S1(x?,y!) := A1(x?,y!)[M1 = 3, M2 = 5, M3 = 5, M4 = 5]</service>
	  <service>S1(x?,y!) := A2(x?,y!)[M1 = 3, M2 = 5, M3 = 5, M4 = 5]</service>
	  <service>S1(x?,y!) := A3(x?,y!)[M1 = 3, M2 = 5, M3 = 5, M4 = 5]</service>
	  <service>S1(x?,y!) := A4(x?,y!)[M1 = 5, M2 = 5, M3 = 5, M4 = 5]</service>
	  <service>S1(x?,y!) := A5(x?,y!)[M1 = 5, M2 = 5, M3 = 5, M4 = 5]</service>
	  <service>S1(x?,y!) := A6(x?,y!)[M1 = 5, M2 = 5, M3 = 5, M4 = 5]</service>
	  <service>S1(x?,y!) := A6(x?,y!)[M1 = 5, M2 = 5, M3 = 5, M4 = 5]</service>
	  <service>S1(x?,y!) := A1(x?,y!)[M1 = 3, M2 = 5, M3 = 5, M4 = 5]</service>
	  <service>S1(x?,y!) := A2(x?,y!)[M1 = 3, M2 = 5, M3 = 5, M4 = 5]</service>
	  <service>S1(x?,y!) := A3(x?,y!)[M1 = 5, M2 = 5, M3 = 5, M4 = 5]</service>
	  <service>S1(x?,y!) := A4(x?,y!)[M1 = 5, M2 = 5, M3 = 5, M4 = 5]</service>
	  <service>S1(x?,y!) := A5(x?,y!)[M1 = 5, M2 = 5, M3 = 5, M4 = 5]</service>
	  <service>S1(x?,y!) := A6(x?,y!)[M1 = 5, M2 = 5, M3 = 5, M4 = 5]</service>
	  <service>S1(x?,y!) := A1(x?,y!)[M1 = 5, M2 = 5, M3 = 5, M4 = 5]</service>
	  <service>S1(x?,y!) := A2(x?,y!)[M1 = 3, M2 = 5, M3 = 5, M4 = 5]</service>
	  <service>S1(x?,y!) := A3(x?,y!)[M1 = 3, M2 = 5, M3 = 5, M4 = 5]</service>
	  <service>S1(x?,y!) := A4(x?,y!)[M1 = 5, M2 = 5, M3 = 5, M4 = 5]</service>
	  <service>S1(x?,y!) := A1(x?,y!)[M1 = 5, M2 = 5, M3 = 5, M4 = 5]</service>
	  <service>S1(x?,y!) := A2(x?,y!)[M1 = 5, M2 = 5, M3 = 5, M4 = 5]</service>
	  <service>S1(x?,y!) := A3(x?,y!)[M1 = 5, M2 = 5, M3 = 5, M4 = 5]</service>
	  <service>S1(x?,y!) := A4(x?,y!)[M1 = 5, M2 = 5, M3 = 5, M4 = 5]</service>
	  <service>S1(x?,y!) := A5(x?,y!)[M1 = 3, M2 = 5, M3 = 5, M4 = 5]</service>
	  <service>S1(x?,y!) := A6(x?,y!)[M1 = 3, M2 = 5, M3 = 5, M4 = 5]</service>
	  <service>S1(x?,y!) := A1(x?,y!)[M1 = 5, M2 = 5, M3 = 5, M4 = 5]</service>
	  <service>S1(x?,y!) := A2(x?,y!)[M1 = 5, M2 = 5, M3 = 5, M4 = 5]</service>
	  <service>S1(x?,y!) := A3(x?,y!)[M1 = 5, M2 = 5, M3 = 5, M4 = 5]</service>
	  <service>S1(x?,y!) := A4(x?,y!)[M1 = 5, M2 = 5, M3 = 5, M4 = 5]</service>
	  <service>S1(x?,y!) := A1(x?,y!)[M1 = 5, M2 = 5, M3 = 5, M4 = 5]</service>
	  <service>S1(x?,y!) := A2(x?,y!)[M1 = 5, M2 = 5, M3 = 5, M4 = 5]</service>
	  <service>S1(x?,y!) := A3(x?,y!)[M1 = 5, M2 = 5, M3 = 5, M4 = 5]</service>
	  <service>S1(x?,y!) := A4(x?,y!)[M1 = 5, M2 = 5, M3 = 5, M4 = 5]</service>
	  <service>S1(x?,y!) := A5(x?,y!)[M1 = 5, M2 = 5, M3 = 5, M4 = 5]</service>
	  <service>S1(x?,y!) := A6(x?,y!)[M1 = 5, M2 = 5, M3 = 5, M4 = 5]</service>
	  <service>S1(x?,y!) := A1(x?,y!)[M1 = 5, M2 = 5, M3 = 5, M4 = 5]</service>
	  <service>S1(x?,y!) := A2(x?,y!)[M1 = 5, M2 = 5, M3 = 5, M4 = 5]</service>
	  <service>S1(x?,y!) := A3(x?,y!)[M1 = 5, M2 = 5, M3 = 5, M4 = 5]</service>
	  <service>S1(x?,y!) := A4(x?,y!)[M1 = 5, M2 = 5, M3 = 5, M4 = 5]</service>
	  <service>S1(x?,y!) := A1(x?,y!)[M1 = 5, M2 = 5, M3 = 5, M4 = 5]</service>
	  <service>S1(x?,y!) := A2(x?,y!)[M1 = 5, M2 = 5, M3 = 5, M4 = 5]</service>
	  <service>S1(x?,y!) := A3(x?,y!)[M1 = 5, M2 = 5, M3 = 5, M4 = 5]</service>
	  <service>S1(x?,y!) := A4(x?,y!)[M1 = 5, M2 = 5, M3 = 5, M4 = 5]</service>
	  <service>S1(x?,y!) := A5(x?,y!)[M1 = 3, M2 = 5, M3 = 5, M4 = 5]</service>
	  <service>S1(x?,y!) := A6(x?,y!)[M1 = 3, M2 = 5, M3 = 5, M4 = 5]</service>
	  <service>S1(x?,y!) := A1(x?,y!)[M1 = 5, M2 = 5, M3 = 5, M4 = 5]</service>
	  <service>S1(x?,y!) := A2(x?,y!)[M1 = 5, M2 = 5, M3 = 5, M4 = 5]</service>
	  <service>S1(x?,y!) := A3(x?,y!)[M1 = 5, M2 = 5, M3 = 5, M4 = 5]</service>
	  <service>S1(x?,y!) := A4(x?,y!)[M1 = 5, M2 = 5, M3 = 5, M4 = 5]</service>
	</testcase>
	<testcase id="5">
	  <query>Q(x?,y!) := A1(x?,y!),A2(x?,y!),A3(x?,y!),A4(x?,y!),A5(x?,y!),A6(x?,y!){x = "K"}[M1 = 5, M2 = 5, M3 = 5, M4 = 5]</query>					  			
	  <service>S1(x?,y!) := A1(x?,y!)[M1 = 5, M2 = 5, M3 = 5, M4 = 5]</service>
	  <service>S1(x?,y!) := A2(x?,y!)[M1 = 5, M2 = 5, M3 = 5, M4 = 5]</service>
	  <service>S1(x?,y!) := A3(x?,y!)[M1 = 5, M2 = 5, M3 = 5, M4 = 5]</service>
	  <service>S1(x?,y!) := A4(x?,y!)[M1 = 5, M2 = 5, M3 = 5, M4 = 5]</service>
	  <service>S1(x?,y!) := A5(x?,y!)[M1 = 5, M2 = 5, M3 = 5, M4 = 5]</service>
	  <service>S1(x?,y!) := A6(x?,y!)[M1 = 5, M2 = 5, M3 = 5, M4 = 5]</service>
	  <service>S1(x?,y!) := A1(x?,y!)[M1 = 5, M2 = 5, M3 = 5, M4 = 5]</service>
	  <service>S1(x?,y!) := A2(x?,y!)[M1 = 5, M2 = 5, M3 = 5, M4 = 5]</service>
	  <service>S1(x?,y!) := A3(x?,y!)[M1 = 5, M2 = 5, M3 = 5, M4 = 5]</service>
	  <service>S1(x?,y!) := A4(x?,y!)[M1 = 5, M2 = 5, M3 = 5, M4 = 5]</service>
	  <service>S1(x?,y!) := A5(x?,y!)[M1 = 5, M2 = 5, M3 = 5, M4 = 5]</service>
	  <service>S1(x?,y!) := A6(x?,y!)[M1 = 5, M2 = 5, M3 = 5, M4 = 5]</service>
	  <service>S1(x?,y!) := A1(x?,y!)[M1 = 5, M2 = 5, M3 = 5, M4 = 5]</service>
	  <service>S1(x?,y!) := A2(x?,y!)[M1 = 5, M2 = 5, M3 = 5, M4 = 5]</service>
	  <service>S1(x?,y!) := A3(x?,y!)[M1 = 5, M2 = 5, M3 = 5, M4 = 5]</service>
	  <service>S1(x?,y!) := A4(x?,y!)[M1 = 5, M2 = 5, M3 = 5, M4 = 5]</service>
	  <service>S1(x?,y!) := A5(x?,y!)[M1 = 5, M2 = 5, M3 = 5, M4 = 5]</service>
	  <service>S1(x?,y!) := A6(x?,y!)[M1 = 5, M2 = 5, M3 = 5, M4 = 5]</service>
	  <service>S1(x?,y!) := A1(x?,y!)[M1 = 5, M2 = 5, M3 = 5, M4 = 5]</service>
	  <service>S1(x?,y!) := A2(x?,y!)[M1 = 5, M2 = 5, M3 = 5, M4 = 5]</service>
	  <service>S1(x?,y!) := A3(x?,y!)[M1 = 5, M2 = 5, M3 = 5, M4 = 5]</service>
	  <service>S1(x?,y!) := A4(x?,y!)[M1 = 5, M2 = 5, M3 = 5, M4 = 5]</service>
	  <service>S1(x?,y!) := A5(x?,y!)[M1 = 5, M2 = 5, M3 = 5, M4 = 5]</service>
	  <service>S1(x?,y!) := A6(x?,y!)[M1 = 5, M2 = 5, M3 = 5, M4 = 5]</service>
	  <service>S1(x?,y!) := A6(x?,y!)[M1 = 5, M2 = 5, M3 = 5, M4 = 5]</service>
	  <service>S1(x?,y!) := A1(x?,y!)[M1 = 5, M2 = 5, M3 = 5, M4 = 5]</service>
	  <service>S1(x?,y!) := A2(x?,y!)[M1 = 5, M2 = 5, M3 = 5, M4 = 5]</service>
	  <service>S1(x?,y!) := A3(x?,y!)[M1 = 5, M2 = 5, M3 = 5, M4 = 5]</service>
	  <service>S1(x?,y!) := A4(x?,y!)[M1 = 5, M2 = 5, M3 = 5, M4 = 5]</service>
	  <service>S1(x?,y!) := A5(x?,y!)[M1 = 5, M2 = 5, M3 = 5, M4 = 5]</service>
	  <service>S1(x?,y!) := A6(x?,y!)[M1 = 5, M2 = 5, M3 = 5, M4 = 5]</service>
	  <service>S1(x?,y!) := A1(x?,y!)[M1 = 5, M2 = 5, M3 = 5, M4 = 5]</service>
	  <service>S1(x?,y!) := A2(x?,y!)[M1 = 5, M2 = 5, M3 = 5, M4 = 5]</service>
	  <service>S1(x?,y!) := A3(x?,y!)[M1 = 5, M2 = 5, M3 = 5, M4 = 5]</service>
	  <service>S1(x?,y!) := A4(x?,y!)[M1 = 5, M2 = 5, M3 = 5, M4 = 5]</service>
	  <service>S1(x?,y!) := A5(x?,y!)[M1 = 3, M2 = 5, M3 = 5, M4 = 5]</service>
	  <service>S1(x?,y!) := A6(x?,y!)[M1 = 3, M2 = 5, M3 = 5, M4 = 5]</service>
	  <service>S1(x?,y!) := A1(x?,y!)[M1 = 3, M2 = 5, M3 = 5, M4 = 5]</service>
	  <service>S1(x?,y!) := A2(x?,y!)[M1 = 3, M2 = 5, M3 = 5, M4 = 5]</service>
	  <service>S1(x?,y!) := A3(x?,y!)[M1 = 3, M2 = 5, M3 = 5, M4 = 5]</service>
	  <service>S1(x?,y!) := A4(x?,y!)[M1 = 3, M2 = 5, M3 = 5, M4 = 5]</service>
	  <service>S1(x?,y!) := A5(x?,y!)[M1 = 5, M2 = 5, M3 = 5, M4 = 5]</service>
	  <service>S1(x?,y!) := A6(x?,y!)[M1 = 5, M2 = 5, M3 = 5, M4 = 5]</service>
	  <service>S1(x?,y!) := A1(x?,y!)[M1 = 5, M2 = 5, M3 = 5, M4 = 5]</service>
	  <service>S1(x?,y!) := A2(x?,y!)[M1 = 5, M2 = 5, M3 = 5, M4 = 5]</service>
	  <service>S1(x?,y!) := A3(x?,y!)[M1 = 5, M2 = 5, M3 = 5, M4 = 5]</service>
	  <service>S1(x?,y!) := A4(x?,y!)[M1 = 3, M2 = 5, M3 = 5, M4 = 5]</service>
	  <service>S1(x?,y!) := A5(x?,y!)[M1 = 3, M2 = 5, M3 = 5, M4 = 5]</service>
	  <service>S1(x?,y!) := A6(x?,y!)[M1 = 3, M2 = 5, M3 = 5, M4 = 5]</service>
	  <service>S1(x?,y!) := A6(x?,y!)[M1 = 3, M2 = 5, M3 = 5, M4 = 5]</service>
	  <service>S1(x?,y!) := A1(x?,y!)[M1 = 5, M2 = 5, M3 = 5, M4 = 5]</service>
	  <service>S1(x?,y!) := A2(x?,y!)[M1 = 5, M2 = 5, M3 = 5, M4 = 5]</service>
	  <service>S1(x?,y!) := A3(x?,y!)[M1 = 5, M2 = 5, M3 = 5, M4 = 5]</service>
	  <service>S1(x?,y!) := A4(x?,y!)[M1 = 5, M2 = 5, M3 = 5, M4 = 5]</service>
	  <service>S1(x?,y!) := A5(x?,y!)[M1 = 5, M2 = 5, M3 = 5, M4 = 5]</service>
	  <service>S1(x?,y!) := A6(x?,y!)[M1 = 5, M2 = 5, M3 = 5, M4 = 5]</service>
	  <service>S1(x?,y!) := A1(x?,y!)[M1 = 5, M2 = 5, M3 = 5, M4 = 5]</service>
	  <service>S1(x?,y!) := A2(x?,y!)[M1 = 5, M2 = 5, M3 = 5, M4 = 5]</service>
	  <service>S1(x?,y!) := A3(x?,y!)[M1 = 5, M2 = 5, M3 = 5, M4 = 5]</service>
	  <service>S1(x?,y!) := A4(x?,y!)[M1 = 5, M2 = 5, M3 = 5, M4 = 5]</service>
	  <service>S1(x?,y!) := A1(x?,y!)[M1 = 5, M2 = 5, M3 = 5, M4 = 5]</service>
	  <service>S1(x?,y!) := A2(x?,y!)[M1 = 5, M2 = 5, M3 = 5, M4 = 5]</service>
	  <service>S1(x?,y!) := A3(x?,y!)[M1 = 5, M2 = 5, M3 = 5, M4 = 5]</service>
	  <service>S1(x?,y!) := A4(x?,y!)[M1 = 5, M2 = 5, M3 = 5, M4 = 5]</service>
	  <service>S1(x?,y!) := A5(x?,y!)[M1 = 5, M2 = 5, M3 = 5, M4 = 5]</service>
	  <service>S1(x?,y!) := A6(x?,y!)[M1 = 5, M2 = 5, M3 = 5, M4 = 5]</service>
	  <service>S1(x?,y!) := A1(x?,y!)[M1 = 5, M2 = 5, M3 = 5, M4 = 5]</service>
	  <service>S1(x?,y!) := A2(x?,y!)[M1 = 5, M2 = 5, M3 = 5, M4 = 5]</service>
	  <service>S1(x?,y!) := A3(x?,y!)[M1 = 5, M2 = 5, M3 = 5, M4 = 5]</service>
	  <service>S1(x?,y!) := A4(x?,y!)[M1 = 5, M2 = 5, M3 = 5, M4 = 5]</service>
	  <service>S1(x?,y!) := A1(x?,y!)[M1 = 3, M2 = 5, M3 = 5, M4 = 5]</service>
	  <service>S1(x?,y!) := A2(x?,y!)[M1 = 3, M2 = 5, M3 = 5, M4 = 5]</service>
	  <service>S1(x?,y!) := A3(x?,y!)[M1 = 3, M2 = 5, M3 = 5, M4 = 5]</service>
	  <service>S1(x?,y!) := A4(x?,y!)[M1 = 5, M2 = 5, M3 = 5, M4 = 5]</service>
	  <service>S1(x?,y!) := A5(x?,y!)[M1 = 5, M2 = 5, M3 = 5, M4 = 5]</service>
	  <service>S1(x?,y!) := A6(x?,y!)[M1 = 5, M2 = 5, M3 = 5, M4 = 5]</service>
	  <service>S1(x?,y!) := A1(x?,y!)[M1 = 5, M2 = 5, M3 = 5, M4 = 5]</service>
	  <service>S1(x?,y!) := A2(x?,y!)[M1 = 3, M2 = 5, M3 = 5, M4 = 5]</service>
	  <service>S1(x?,y!) := A3(x?,y!)[M1 = 3, M2 = 5, M3 = 5, M4 = 5]</service>
	  <service>S1(x?,y!) := A4(x?,y!)[M1 = 5, M2 = 5, M3 = 5, M4 = 5]</service>
	  <service>S1(x?,y!) := A1(x?,y!)[M1 = 5, M2 = 5, M3 = 5, M4 = 5]</service>
	  <service>S1(x?,y!) := A2(x?,y!)[M1 = 5, M2 = 5, M3 = 5, M4 = 5]</service>
	  <service>S1(x?,y!) := A3(x?,y!)[M1 = 5, M2 = 5, M3 = 5, M4 = 5]</service>
	  <service>S1(x?,y!) := A4(x?,y!)[M1 = 5, M2 = 5, M3 = 5, M4 = 5]</service>
	  <service>S1(x?,y!) := A5(x?,y!)[M1 = 5, M2 = 5, M3 = 5, M4 = 5]</service>
	  <service>S1(x?,y!) := A6(x?,y!)[M1 = 5, M2 = 5, M3 = 5, M4 = 5]</service>
	  <service>S1(x?,y!) := A1(x?,y!)[M1 = 5, M2 = 5, M3 = 5, M4 = 5]</service>
	  <service>S1(x?,y!) := A2(x?,y!)[M1 = 5, M2 = 5, M3 = 5, M4 = 5]</service>
	  <service>S1(x?,y!) := A3(x?,y!)[M1 = 5, M2 = 5, M3 = 5, M4 = 5]</service>
	  <service>S1(x?,y!) := A4(x?,y!)[M1 = 5, M2 = 5, M3 = 5, M4 = 5]</service>
	  <service>S1(x?,y!) := A1(x?,y!)[M1 = 5, M2 = 5, M3 = 5, M4 = 5]</service>
	  <service>S1(x?,y!) := A2(x?,y!)[M1 = 5, M2 = 5, M3 = 5, M4 = 5]</service>
	  <service>S1(x?,y!) := A3(x?,y!)[M1 = 5, M2 = 5, M3 = 5, M4 = 5]</service>
	  <service>S1(x?,y!) := A4(x?,y!)[M1 = 5, M2 = 5, M3 = 5, M4 = 5]</service>
	  <service>S1(x?,y!) := A5(x?,y!)[M1 = 5, M2 = 5, M3 = 5, M4 = 5]</service>
	  <service>S1(x?,y!) := A6(x?,y!)[M1 = 5, M2 = 5, M3 = 5, M4 = 5]</service>
	  <service>S1(x?,y!) := A1(x?,y!)[M1 = 5, M2 = 5, M3 = 5, M4 = 5]</service>
	  <service>S1(x?,y!) := A2(x?,y!)[M1 = 5, M2 = 5, M3 = 5, M4 = 5]</service>
	  <service>S1(x?,y!) := A3(x?,y!)[M1 = 5, M2 = 5, M3 = 5, M4 = 5]</service>
	  <service>S1(x?,y!) := A4(x?,y!)[M1 = 5, M2 = 5, M3 = 5, M4 = 5]</service>
	</testcase>
</testcases>
